Subgroup,Ratio,Threshold,Kept Pairs,Dropped Pairs,Recall (%),Precision (%),F1 (%),Total Tokens,Cost ($)
stackoverflow_projection,0.025,0.0,12,0,64.0,74.58,68.88,103892,0.3172
stackoverflow_projection,0.025,0.01,7,5,48.0,72.93,57.89,78323,0.2409
stackoverflow_projection,0.025,0.02,7,5,48.0,72.93,57.89,78323,0.2409
stackoverflow_projection,0.025,0.03,7,5,48.0,72.93,57.89,78323,0.2409
stackoverflow_projection,0.025,0.04,7,5,48.0,72.93,57.89,78323,0.2409
stackoverflow_projection,0.025,0.05,5,7,24.36,66.34,35.64,65004,0.1993
stackoverflow_projection,0.025,0.06,5,7,24.36,66.34,35.64,65004,0.1993
stackoverflow_projection,0.025,0.07,5,7,24.36,66.34,35.64,65004,0.1993
stackoverflow_projection,0.025,0.08,5,7,24.36,66.34,35.64,65004,0.1993
stackoverflow_projection,0.025,0.09,4,8,16.36,72.58,26.71,61610,0.1881
stackoverflow_projection,0.025,0.1,4,8,16.36,72.58,26.71,61610,0.1881
stackoverflow_projection,0.025,0.11,4,8,16.36,72.58,26.71,61610,0.1881
stackoverflow_projection,0.025,0.12,4,8,16.36,72.58,26.71,61610,0.1881
stackoverflow_projection,0.025,0.13,4,8,16.36,72.58,26.71,61610,0.1881
stackoverflow_projection,0.025,0.14,4,8,16.36,72.58,26.71,61610,0.1881
stackoverflow_projection,0.025,0.15,4,8,16.36,72.58,26.71,61610,0.1881
stackoverflow_projection,0.025,0.16,4,8,16.36,72.58,26.71,61610,0.1881
stackoverflow_projection,0.025,0.17,2,10,0.73,50.0,1.43,53319,0.1621
stackoverflow_projection,0.025,0.18,2,10,0.73,50.0,1.43,53319,0.1621
stackoverflow_projection,0.025,0.19,2,10,0.73,50.0,1.43,53319,0.1621
stackoverflow_projection,0.025,0.2,2,10,0.73,50.0,1.43,53319,0.1621
stackoverflow_projection,0.025,0.21,0,12,0.0,0.0,0.0,41957,0.128
stackoverflow_projection,0.025,0.22,0,12,0.0,0.0,0.0,41957,0.128
stackoverflow_projection,0.025,0.23,0,12,0.0,0.0,0.0,41957,0.128
stackoverflow_projection,0.025,0.24,0,12,0.0,0.0,0.0,41957,0.128
stackoverflow_projection,0.025,0.25,0,12,0.0,0.0,0.0,41957,0.128
stackoverflow_projection,0.025,0.26,0,12,0.0,0.0,0.0,41957,0.128
stackoverflow_projection,0.025,0.27,0,12,0.0,0.0,0.0,41957,0.128
stackoverflow_projection,0.025,0.28,0,12,0.0,0.0,0.0,41957,0.128
stackoverflow_projection,0.025,0.29,0,12,0.0,0.0,0.0,41957,0.128
stackoverflow_projection,0.025,0.3,0,12,0.0,0.0,0.0,41957,0.128
stackoverflow_projection,0.025,0.31,0,12,0.0,0.0,0.0,41957,0.128
stackoverflow_projection,0.025,0.32,0,12,0.0,0.0,0.0,41957,0.128
stackoverflow_projection,0.025,0.33,0,12,0.0,0.0,0.0,41957,0.128
stackoverflow_projection,0.025,0.34,0,12,0.0,0.0,0.0,41957,0.128
stackoverflow_projection,0.025,0.35,0,12,0.0,0.0,0.0,41957,0.128
stackoverflow_projection,0.025,0.36,0,12,0.0,0.0,0.0,41957,0.128
stackoverflow_projection,0.025,0.37,0,12,0.0,0.0,0.0,41957,0.128
stackoverflow_projection,0.025,0.38,0,12,0.0,0.0,0.0,41957,0.128
stackoverflow_projection,0.025,0.39,0,12,0.0,0.0,0.0,41957,0.128
stackoverflow_projection,0.025,0.4,0,12,0.0,0.0,0.0,41957,0.128
stackoverflow_projection,0.025,0.41,0,12,0.0,0.0,0.0,41957,0.128
stackoverflow_projection,0.025,0.42,0,12,0.0,0.0,0.0,41957,0.128
stackoverflow_projection,0.025,0.43,0,12,0.0,0.0,0.0,41957,0.128
stackoverflow_projection,0.025,0.44,0,12,0.0,0.0,0.0,41957,0.128
stackoverflow_projection,0.025,0.45,0,12,0.0,0.0,0.0,41957,0.128
stackoverflow_projection,0.025,0.46,0,12,0.0,0.0,0.0,41957,0.128
stackoverflow_projection,0.025,0.47,0,12,0.0,0.0,0.0,41957,0.128
stackoverflow_projection,0.025,0.48,0,12,0.0,0.0,0.0,41957,0.128
stackoverflow_projection,0.025,0.49,0,12,0.0,0.0,0.0,41957,0.128
stackoverflow_projection,0.025,0.5,0,12,0.0,0.0,0.0,41957,0.128
stackoverflow_projection,0.025,0.51,0,12,0.0,0.0,0.0,41957,0.128
stackoverflow_projection,0.025,0.52,0,12,0.0,0.0,0.0,41957,0.128
stackoverflow_projection,0.025,0.53,0,12,0.0,0.0,0.0,41957,0.128
stackoverflow_projection,0.025,0.54,0,12,0.0,0.0,0.0,41957,0.128
stackoverflow_projection,0.025,0.55,0,12,0.0,0.0,0.0,41957,0.128
stackoverflow_projection,0.025,0.56,0,12,0.0,0.0,0.0,41957,0.128
stackoverflow_projection,0.025,0.57,0,12,0.0,0.0,0.0,41957,0.128
stackoverflow_projection,0.025,0.58,0,12,0.0,0.0,0.0,41957,0.128
stackoverflow_projection,0.025,0.59,0,12,0.0,0.0,0.0,41957,0.128
stackoverflow_projection,0.025,0.6,0,12,0.0,0.0,0.0,41957,0.128
stackoverflow_projection,0.025,0.61,0,12,0.0,0.0,0.0,41957,0.128
stackoverflow_projection,0.025,0.62,0,12,0.0,0.0,0.0,41957,0.128
stackoverflow_projection,0.025,0.63,0,12,0.0,0.0,0.0,41957,0.128
stackoverflow_projection,0.025,0.64,0,12,0.0,0.0,0.0,41957,0.128
stackoverflow_projection,0.025,0.65,0,12,0.0,0.0,0.0,41957,0.128
stackoverflow_projection,0.025,0.66,0,12,0.0,0.0,0.0,41957,0.128
stackoverflow_projection,0.025,0.67,0,12,0.0,0.0,0.0,41957,0.128
stackoverflow_projection,0.025,0.68,0,12,0.0,0.0,0.0,41957,0.128
stackoverflow_projection,0.025,0.69,0,12,0.0,0.0,0.0,41957,0.128
stackoverflow_projection,0.025,0.7,0,12,0.0,0.0,0.0,41957,0.128
stackoverflow_projection,0.025,0.71,0,12,0.0,0.0,0.0,41957,0.128
stackoverflow_projection,0.025,0.72,0,12,0.0,0.0,0.0,41957,0.128
stackoverflow_projection,0.025,0.73,0,12,0.0,0.0,0.0,41957,0.128
stackoverflow_projection,0.025,0.74,0,12,0.0,0.0,0.0,41957,0.128
stackoverflow_projection,0.025,0.75,0,12,0.0,0.0,0.0,41957,0.128
stackoverflow_projection,0.025,0.76,0,12,0.0,0.0,0.0,41957,0.128
stackoverflow_projection,0.025,0.77,0,12,0.0,0.0,0.0,41957,0.128
stackoverflow_projection,0.025,0.78,0,12,0.0,0.0,0.0,41957,0.128
stackoverflow_projection,0.025,0.79,0,12,0.0,0.0,0.0,41957,0.128
stackoverflow_projection,0.025,0.8,0,12,0.0,0.0,0.0,41957,0.128
stackoverflow_projection,0.025,0.81,0,12,0.0,0.0,0.0,41957,0.128
stackoverflow_projection,0.025,0.82,0,12,0.0,0.0,0.0,41957,0.128
stackoverflow_projection,0.025,0.83,0,12,0.0,0.0,0.0,41957,0.128
stackoverflow_projection,0.025,0.84,0,12,0.0,0.0,0.0,41957,0.128
stackoverflow_projection,0.025,0.85,0,12,0.0,0.0,0.0,41957,0.128
stackoverflow_projection,0.025,0.86,0,12,0.0,0.0,0.0,41957,0.128
stackoverflow_projection,0.025,0.87,0,12,0.0,0.0,0.0,41957,0.128
stackoverflow_projection,0.025,0.88,0,12,0.0,0.0,0.0,41957,0.128
stackoverflow_projection,0.025,0.89,0,12,0.0,0.0,0.0,41957,0.128
stackoverflow_projection,0.025,0.9,0,12,0.0,0.0,0.0,41957,0.128
stackoverflow_projection,0.025,0.91,0,12,0.0,0.0,0.0,41957,0.128
stackoverflow_projection,0.025,0.92,0,12,0.0,0.0,0.0,41957,0.128
stackoverflow_projection,0.025,0.93,0,12,0.0,0.0,0.0,41957,0.128
stackoverflow_projection,0.025,0.94,0,12,0.0,0.0,0.0,41957,0.128
stackoverflow_projection,0.025,0.95,0,12,0.0,0.0,0.0,41957,0.128
stackoverflow_projection,0.025,0.96,0,12,0.0,0.0,0.0,41957,0.128
stackoverflow_projection,0.025,0.97,0,12,0.0,0.0,0.0,41957,0.128
stackoverflow_projection,0.025,0.98,0,12,0.0,0.0,0.0,41957,0.128
stackoverflow_projection,0.025,0.99,0,12,0.0,0.0,0.0,41957,0.128
stackoverflow_projection,0.025,1.0,0,12,0.0,0.0,0.0,41957,0.128
stackoverflow_projection,0.05,0.0,24,0,64.36,74.37,69.01,114142,0.3472
stackoverflow_projection,0.05,0.01,13,11,54.18,72.68,62.08,86597,0.2655
stackoverflow_projection,0.05,0.02,13,11,54.18,72.68,62.08,86597,0.2655
stackoverflow_projection,0.05,0.03,13,11,54.18,72.68,62.08,86597,0.2655
stackoverflow_projection,0.05,0.04,13,11,54.18,72.68,62.08,86597,0.2655
stackoverflow_projection,0.05,0.05,11,13,43.27,75.32,54.97,80592,0.2463
stackoverflow_projection,0.05,0.06,11,13,43.27,75.32,54.97,80592,0.2463
stackoverflow_projection,0.05,0.07,11,13,43.27,75.32,54.97,80592,0.2463
stackoverflow_projection,0.05,0.08,11,13,43.27,75.32,54.97,80592,0.2463
stackoverflow_projection,0.05,0.09,10,14,38.55,75.18,50.96,78593,0.24
stackoverflow_projection,0.05,0.1,10,14,38.55,75.18,50.96,78593,0.24
stackoverflow_projection,0.05,0.11,10,14,38.55,75.18,50.96,78593,0.24
stackoverflow_projection,0.05,0.12,10,14,38.55,75.18,50.96,78593,0.24
stackoverflow_projection,0.05,0.13,7,17,19.64,71.05,30.77,66174,0.2017
stackoverflow_projection,0.05,0.14,7,17,19.64,71.05,30.77,66174,0.2017
stackoverflow_projection,0.05,0.15,7,17,19.64,71.05,30.77,66174,0.2017
stackoverflow_projection,0.05,0.16,7,17,19.64,71.05,30.77,66174,0.2017
stackoverflow_projection,0.05,0.17,6,18,17.45,70.59,27.99,64185,0.1956
stackoverflow_projection,0.05,0.18,6,18,17.45,70.59,27.99,64185,0.1956
stackoverflow_projection,0.05,0.19,6,18,17.45,70.59,27.99,64185,0.1956
stackoverflow_projection,0.05,0.2,6,18,17.45,70.59,27.99,64185,0.1956
stackoverflow_projection,0.05,0.21,4,20,14.91,74.55,24.85,61058,0.186
stackoverflow_projection,0.05,0.22,4,20,14.91,74.55,24.85,61058,0.186
stackoverflow_projection,0.05,0.23,4,20,14.91,74.55,24.85,61058,0.186
stackoverflow_projection,0.05,0.24,4,20,14.91,74.55,24.85,61058,0.186
stackoverflow_projection,0.05,0.25,3,21,9.45,65.0,16.51,58400,0.1779
stackoverflow_projection,0.05,0.26,3,21,9.45,65.0,16.51,58400,0.1779
stackoverflow_projection,0.05,0.27,3,21,9.45,65.0,16.51,58400,0.1779
stackoverflow_projection,0.05,0.28,3,21,9.45,65.0,16.51,58400,0.1779
stackoverflow_projection,0.05,0.29,2,22,2.55,63.64,4.9,54771,0.1663
stackoverflow_projection,0.05,0.3,2,22,2.55,63.64,4.9,54771,0.1663
stackoverflow_projection,0.05,0.31,2,22,2.55,63.64,4.9,54771,0.1663
stackoverflow_projection,0.05,0.32,2,22,2.55,63.64,4.9,54771,0.1663
stackoverflow_projection,0.05,0.33,2,22,2.55,63.64,4.9,54771,0.1663
stackoverflow_projection,0.05,0.34,2,22,2.55,63.64,4.9,54771,0.1663
stackoverflow_projection,0.05,0.35,2,22,2.55,63.64,4.9,54771,0.1663
stackoverflow_projection,0.05,0.36,2,22,2.55,63.64,4.9,54771,0.1663
stackoverflow_projection,0.05,0.37,2,22,2.55,63.64,4.9,54771,0.1663
stackoverflow_projection,0.05,0.38,2,22,2.55,63.64,4.9,54771,0.1663
stackoverflow_projection,0.05,0.39,2,22,2.55,63.64,4.9,54771,0.1663
stackoverflow_projection,0.05,0.4,2,22,2.55,63.64,4.9,54771,0.1663
stackoverflow_projection,0.05,0.41,0,24,0.0,0.0,0.0,50761,0.1544
stackoverflow_projection,0.05,0.42,0,24,0.0,0.0,0.0,50761,0.1544
stackoverflow_projection,0.05,0.43,0,24,0.0,0.0,0.0,50761,0.1544
stackoverflow_projection,0.05,0.44,0,24,0.0,0.0,0.0,50761,0.1544
stackoverflow_projection,0.05,0.45,0,24,0.0,0.0,0.0,50761,0.1544
stackoverflow_projection,0.05,0.46,0,24,0.0,0.0,0.0,50761,0.1544
stackoverflow_projection,0.05,0.47,0,24,0.0,0.0,0.0,50761,0.1544
stackoverflow_projection,0.05,0.48,0,24,0.0,0.0,0.0,50761,0.1544
stackoverflow_projection,0.05,0.49,0,24,0.0,0.0,0.0,50761,0.1544
stackoverflow_projection,0.05,0.5,0,24,0.0,0.0,0.0,50761,0.1544
stackoverflow_projection,0.05,0.51,0,24,0.0,0.0,0.0,50761,0.1544
stackoverflow_projection,0.05,0.52,0,24,0.0,0.0,0.0,50761,0.1544
stackoverflow_projection,0.05,0.53,0,24,0.0,0.0,0.0,50761,0.1544
stackoverflow_projection,0.05,0.54,0,24,0.0,0.0,0.0,50761,0.1544
stackoverflow_projection,0.05,0.55,0,24,0.0,0.0,0.0,50761,0.1544
stackoverflow_projection,0.05,0.56,0,24,0.0,0.0,0.0,50761,0.1544
stackoverflow_projection,0.05,0.57,0,24,0.0,0.0,0.0,50761,0.1544
stackoverflow_projection,0.05,0.58,0,24,0.0,0.0,0.0,50761,0.1544
stackoverflow_projection,0.05,0.59,0,24,0.0,0.0,0.0,50761,0.1544
stackoverflow_projection,0.05,0.6,0,24,0.0,0.0,0.0,50761,0.1544
stackoverflow_projection,0.05,0.61,0,24,0.0,0.0,0.0,50761,0.1544
stackoverflow_projection,0.05,0.62,0,24,0.0,0.0,0.0,50761,0.1544
stackoverflow_projection,0.05,0.63,0,24,0.0,0.0,0.0,50761,0.1544
stackoverflow_projection,0.05,0.64,0,24,0.0,0.0,0.0,50761,0.1544
stackoverflow_projection,0.05,0.65,0,24,0.0,0.0,0.0,50761,0.1544
stackoverflow_projection,0.05,0.66,0,24,0.0,0.0,0.0,50761,0.1544
stackoverflow_projection,0.05,0.67,0,24,0.0,0.0,0.0,50761,0.1544
stackoverflow_projection,0.05,0.68,0,24,0.0,0.0,0.0,50761,0.1544
stackoverflow_projection,0.05,0.69,0,24,0.0,0.0,0.0,50761,0.1544
stackoverflow_projection,0.05,0.7,0,24,0.0,0.0,0.0,50761,0.1544
stackoverflow_projection,0.05,0.71,0,24,0.0,0.0,0.0,50761,0.1544
stackoverflow_projection,0.05,0.72,0,24,0.0,0.0,0.0,50761,0.1544
stackoverflow_projection,0.05,0.73,0,24,0.0,0.0,0.0,50761,0.1544
stackoverflow_projection,0.05,0.74,0,24,0.0,0.0,0.0,50761,0.1544
stackoverflow_projection,0.05,0.75,0,24,0.0,0.0,0.0,50761,0.1544
stackoverflow_projection,0.05,0.76,0,24,0.0,0.0,0.0,50761,0.1544
stackoverflow_projection,0.05,0.77,0,24,0.0,0.0,0.0,50761,0.1544
stackoverflow_projection,0.05,0.78,0,24,0.0,0.0,0.0,50761,0.1544
stackoverflow_projection,0.05,0.79,0,24,0.0,0.0,0.0,50761,0.1544
stackoverflow_projection,0.05,0.8,0,24,0.0,0.0,0.0,50761,0.1544
stackoverflow_projection,0.05,0.81,0,24,0.0,0.0,0.0,50761,0.1544
stackoverflow_projection,0.05,0.82,0,24,0.0,0.0,0.0,50761,0.1544
stackoverflow_projection,0.05,0.83,0,24,0.0,0.0,0.0,50761,0.1544
stackoverflow_projection,0.05,0.84,0,24,0.0,0.0,0.0,50761,0.1544
stackoverflow_projection,0.05,0.85,0,24,0.0,0.0,0.0,50761,0.1544
stackoverflow_projection,0.05,0.86,0,24,0.0,0.0,0.0,50761,0.1544
stackoverflow_projection,0.05,0.87,0,24,0.0,0.0,0.0,50761,0.1544
stackoverflow_projection,0.05,0.88,0,24,0.0,0.0,0.0,50761,0.1544
stackoverflow_projection,0.05,0.89,0,24,0.0,0.0,0.0,50761,0.1544
stackoverflow_projection,0.05,0.9,0,24,0.0,0.0,0.0,50761,0.1544
stackoverflow_projection,0.05,0.91,0,24,0.0,0.0,0.0,50761,0.1544
stackoverflow_projection,0.05,0.92,0,24,0.0,0.0,0.0,50761,0.1544
stackoverflow_projection,0.05,0.93,0,24,0.0,0.0,0.0,50761,0.1544
stackoverflow_projection,0.05,0.94,0,24,0.0,0.0,0.0,50761,0.1544
stackoverflow_projection,0.05,0.95,0,24,0.0,0.0,0.0,50761,0.1544
stackoverflow_projection,0.05,0.96,0,24,0.0,0.0,0.0,50761,0.1544
stackoverflow_projection,0.05,0.97,0,24,0.0,0.0,0.0,50761,0.1544
stackoverflow_projection,0.05,0.98,0,24,0.0,0.0,0.0,50761,0.1544
stackoverflow_projection,0.05,0.99,0,24,0.0,0.0,0.0,50761,0.1544
stackoverflow_projection,0.05,1.0,0,24,0.0,0.0,0.0,50761,0.1544
stackoverflow_projection,0.075,0.0,38,0,69.45,73.75,71.54,123888,0.3765
stackoverflow_projection,0.075,0.01,20,18,60.0,71.43,65.22,98041,0.3001
stackoverflow_projection,0.075,0.02,20,18,60.0,71.43,65.22,98041,0.3001
stackoverflow_projection,0.075,0.03,20,18,60.0,71.43,65.22,98041,0.3001
stackoverflow_projection,0.075,0.04,20,18,60.0,71.43,65.22,98041,0.3001
stackoverflow_projection,0.075,0.05,17,21,48.73,72.04,58.13,92542,0.2827
stackoverflow_projection,0.075,0.06,17,21,48.73,72.04,58.13,92542,0.2827
stackoverflow_projection,0.075,0.07,16,22,47.64,71.58,57.21,91960,0.2809
stackoverflow_projection,0.075,0.08,16,22,47.64,71.58,57.21,91960,0.2809
stackoverflow_projection,0.075,0.09,10,28,24.0,69.47,35.68,76647,0.2336
stackoverflow_projection,0.075,0.1,10,28,24.0,69.47,35.68,76647,0.2336
stackoverflow_projection,0.075,0.11,9,29,23.27,69.57,34.88,76048,0.2318
stackoverflow_projection,0.075,0.12,9,29,23.27,69.57,34.88,76048,0.2318
stackoverflow_projection,0.075,0.13,9,29,23.27,69.57,34.88,76048,0.2318
stackoverflow_projection,0.075,0.14,9,29,23.27,69.57,34.88,76048,0.2318
stackoverflow_projection,0.075,0.15,9,29,23.27,69.57,34.88,76048,0.2318
stackoverflow_projection,0.075,0.16,9,29,23.27,69.57,34.88,76048,0.2318
stackoverflow_projection,0.075,0.17,7,31,16.0,63.77,25.58,72893,0.2219
stackoverflow_projection,0.075,0.18,7,31,16.0,63.77,25.58,72893,0.2219
stackoverflow_projection,0.075,0.19,7,31,16.0,63.77,25.58,72893,0.2219
stackoverflow_projection,0.075,0.2,7,31,16.0,63.77,25.58,72893,0.2219
stackoverflow_projection,0.075,0.21,3,35,13.09,69.23,22.02,65062,0.1986
stackoverflow_projection,0.075,0.22,3,35,13.09,69.23,22.02,65062,0.1986
stackoverflow_projection,0.075,0.23,3,35,13.09,69.23,22.02,65062,0.1986
stackoverflow_projection,0.075,0.24,3,35,13.09,69.23,22.02,65062,0.1986
stackoverflow_projection,0.075,0.25,2,36,7.64,70.0,13.77,62912,0.1916
stackoverflow_projection,0.075,0.26,2,36,7.64,70.0,13.77,62912,0.1916
stackoverflow_projection,0.075,0.27,2,36,7.64,70.0,13.77,62912,0.1916
stackoverflow_projection,0.075,0.28,2,36,7.64,70.0,13.77,62912,0.1916
stackoverflow_projection,0.075,0.29,1,37,2.55,77.78,4.93,60469,0.1838
stackoverflow_projection,0.075,0.3,1,37,2.55,77.78,4.93,60469,0.1838
stackoverflow_projection,0.075,0.31,1,37,2.55,77.78,4.93,60469,0.1838
stackoverflow_projection,0.075,0.32,1,37,2.55,77.78,4.93,60469,0.1838
stackoverflow_projection,0.075,0.33,1,37,2.55,77.78,4.93,60469,0.1838
stackoverflow_projection,0.075,0.34,1,37,2.55,77.78,4.93,60469,0.1838
stackoverflow_projection,0.075,0.35,1,37,2.55,77.78,4.93,60469,0.1838
stackoverflow_projection,0.075,0.36,1,37,2.55,77.78,4.93,60469,0.1838
stackoverflow_projection,0.075,0.37,1,37,2.55,77.78,4.93,60469,0.1838
stackoverflow_projection,0.075,0.38,1,37,2.55,77.78,4.93,60469,0.1838
stackoverflow_projection,0.075,0.39,1,37,2.55,77.78,4.93,60469,0.1838
stackoverflow_projection,0.075,0.4,1,37,2.55,77.78,4.93,60469,0.1838
stackoverflow_projection,0.075,0.41,0,38,0.0,0.0,0.0,58800,0.1785
stackoverflow_projection,0.075,0.42,0,38,0.0,0.0,0.0,58800,0.1785
stackoverflow_projection,0.075,0.43,0,38,0.0,0.0,0.0,58800,0.1785
stackoverflow_projection,0.075,0.44,0,38,0.0,0.0,0.0,58800,0.1785
stackoverflow_projection,0.075,0.45,0,38,0.0,0.0,0.0,58800,0.1785
stackoverflow_projection,0.075,0.46,0,38,0.0,0.0,0.0,58800,0.1785
stackoverflow_projection,0.075,0.47,0,38,0.0,0.0,0.0,58800,0.1785
stackoverflow_projection,0.075,0.48,0,38,0.0,0.0,0.0,58800,0.1785
stackoverflow_projection,0.075,0.49,0,38,0.0,0.0,0.0,58800,0.1785
stackoverflow_projection,0.075,0.5,0,38,0.0,0.0,0.0,58800,0.1785
stackoverflow_projection,0.075,0.51,0,38,0.0,0.0,0.0,58800,0.1785
stackoverflow_projection,0.075,0.52,0,38,0.0,0.0,0.0,58800,0.1785
stackoverflow_projection,0.075,0.53,0,38,0.0,0.0,0.0,58800,0.1785
stackoverflow_projection,0.075,0.54,0,38,0.0,0.0,0.0,58800,0.1785
stackoverflow_projection,0.075,0.55,0,38,0.0,0.0,0.0,58800,0.1785
stackoverflow_projection,0.075,0.56,0,38,0.0,0.0,0.0,58800,0.1785
stackoverflow_projection,0.075,0.57,0,38,0.0,0.0,0.0,58800,0.1785
stackoverflow_projection,0.075,0.58,0,38,0.0,0.0,0.0,58800,0.1785
stackoverflow_projection,0.075,0.59,0,38,0.0,0.0,0.0,58800,0.1785
stackoverflow_projection,0.075,0.6,0,38,0.0,0.0,0.0,58800,0.1785
stackoverflow_projection,0.075,0.61,0,38,0.0,0.0,0.0,58800,0.1785
stackoverflow_projection,0.075,0.62,0,38,0.0,0.0,0.0,58800,0.1785
stackoverflow_projection,0.075,0.63,0,38,0.0,0.0,0.0,58800,0.1785
stackoverflow_projection,0.075,0.64,0,38,0.0,0.0,0.0,58800,0.1785
stackoverflow_projection,0.075,0.65,0,38,0.0,0.0,0.0,58800,0.1785
stackoverflow_projection,0.075,0.66,0,38,0.0,0.0,0.0,58800,0.1785
stackoverflow_projection,0.075,0.67,0,38,0.0,0.0,0.0,58800,0.1785
stackoverflow_projection,0.075,0.68,0,38,0.0,0.0,0.0,58800,0.1785
stackoverflow_projection,0.075,0.69,0,38,0.0,0.0,0.0,58800,0.1785
stackoverflow_projection,0.075,0.7,0,38,0.0,0.0,0.0,58800,0.1785
stackoverflow_projection,0.075,0.71,0,38,0.0,0.0,0.0,58800,0.1785
stackoverflow_projection,0.075,0.72,0,38,0.0,0.0,0.0,58800,0.1785
stackoverflow_projection,0.075,0.73,0,38,0.0,0.0,0.0,58800,0.1785
stackoverflow_projection,0.075,0.74,0,38,0.0,0.0,0.0,58800,0.1785
stackoverflow_projection,0.075,0.75,0,38,0.0,0.0,0.0,58800,0.1785
stackoverflow_projection,0.075,0.76,0,38,0.0,0.0,0.0,58800,0.1785
stackoverflow_projection,0.075,0.77,0,38,0.0,0.0,0.0,58800,0.1785
stackoverflow_projection,0.075,0.78,0,38,0.0,0.0,0.0,58800,0.1785
stackoverflow_projection,0.075,0.79,0,38,0.0,0.0,0.0,58800,0.1785
stackoverflow_projection,0.075,0.8,0,38,0.0,0.0,0.0,58800,0.1785
stackoverflow_projection,0.075,0.81,0,38,0.0,0.0,0.0,58800,0.1785
stackoverflow_projection,0.075,0.82,0,38,0.0,0.0,0.0,58800,0.1785
stackoverflow_projection,0.075,0.83,0,38,0.0,0.0,0.0,58800,0.1785
stackoverflow_projection,0.075,0.84,0,38,0.0,0.0,0.0,58800,0.1785
stackoverflow_projection,0.075,0.85,0,38,0.0,0.0,0.0,58800,0.1785
stackoverflow_projection,0.075,0.86,0,38,0.0,0.0,0.0,58800,0.1785
stackoverflow_projection,0.075,0.87,0,38,0.0,0.0,0.0,58800,0.1785
stackoverflow_projection,0.075,0.88,0,38,0.0,0.0,0.0,58800,0.1785
stackoverflow_projection,0.075,0.89,0,38,0.0,0.0,0.0,58800,0.1785
stackoverflow_projection,0.075,0.9,0,38,0.0,0.0,0.0,58800,0.1785
stackoverflow_projection,0.075,0.91,0,38,0.0,0.0,0.0,58800,0.1785
stackoverflow_projection,0.075,0.92,0,38,0.0,0.0,0.0,58800,0.1785
stackoverflow_projection,0.075,0.93,0,38,0.0,0.0,0.0,58800,0.1785
stackoverflow_projection,0.075,0.94,0,38,0.0,0.0,0.0,58800,0.1785
stackoverflow_projection,0.075,0.95,0,38,0.0,0.0,0.0,58800,0.1785
stackoverflow_projection,0.075,0.96,0,38,0.0,0.0,0.0,58800,0.1785
stackoverflow_projection,0.075,0.97,0,38,0.0,0.0,0.0,58800,0.1785
stackoverflow_projection,0.075,0.98,0,38,0.0,0.0,0.0,58800,0.1785
stackoverflow_projection,0.075,0.99,0,38,0.0,0.0,0.0,58800,0.1785
stackoverflow_projection,0.075,1.0,0,38,0.0,0.0,0.0,58800,0.1785
stackoverflow_projection,0.1,0.0,50,0,69.82,75.0,72.32,133615,0.4044
stackoverflow_projection,0.1,0.01,26,24,53.82,72.91,61.92,101702,0.3101
stackoverflow_projection,0.1,0.02,26,24,53.82,72.91,61.92,101702,0.3101
stackoverflow_projection,0.1,0.03,26,24,53.82,72.91,61.92,101702,0.3101
stackoverflow_projection,0.1,0.04,26,24,53.82,72.91,61.92,101702,0.3101
stackoverflow_projection,0.1,0.05,22,28,46.91,74.14,57.46,96251,0.2933
stackoverflow_projection,0.1,0.06,22,28,46.91,74.14,57.46,96251,0.2933
stackoverflow_projection,0.1,0.07,22,28,46.91,74.14,57.46,96251,0.2933
stackoverflow_projection,0.1,0.08,22,28,46.91,74.14,57.46,96251,0.2933
stackoverflow_projection,0.1,0.09,21,29,45.45,74.4,56.43,95321,0.2904
stackoverflow_projection,0.1,0.1,21,29,45.45,74.4,56.43,95321,0.2904
stackoverflow_projection,0.1,0.11,21,29,45.45,74.4,56.43,95321,0.2904
stackoverflow_projection,0.1,0.12,21,29,45.45,74.4,56.43,95321,0.2904
stackoverflow_projection,0.1,0.13,17,33,29.09,74.07,41.78,86877,0.2637
stackoverflow_projection,0.1,0.14,17,33,29.09,74.07,41.78,86877,0.2637
stackoverflow_projection,0.1,0.15,17,33,29.09,74.07,41.78,86877,0.2637
stackoverflow_projection,0.1,0.16,17,33,29.09,74.07,41.78,86877,0.2637
stackoverflow_projection,0.1,0.17,11,39,10.55,70.73,18.35,77937,0.2359
stackoverflow_projection,0.1,0.18,11,39,10.55,70.73,18.35,77937,0.2359
stackoverflow_projection,0.1,0.19,11,39,10.55,70.73,18.35,77937,0.2359
stackoverflow_projection,0.1,0.2,11,39,10.55,70.73,18.35,77937,0.2359
stackoverflow_projection,0.1,0.21,4,46,4.36,66.67,8.19,69906,0.2118
stackoverflow_projection,0.1,0.22,4,46,4.36,66.67,8.19,69906,0.2118
stackoverflow_projection,0.1,0.23,4,46,4.36,66.67,8.19,69906,0.2118
stackoverflow_projection,0.1,0.24,4,46,4.36,66.67,8.19,69906,0.2118
stackoverflow_projection,0.1,0.25,4,46,4.36,66.67,8.19,69906,0.2118
stackoverflow_projection,0.1,0.26,4,46,4.36,66.67,8.19,69906,0.2118
stackoverflow_projection,0.1,0.27,2,48,2.55,77.78,4.93,68789,0.2082
stackoverflow_projection,0.1,0.28,2,48,2.55,77.78,4.93,68789,0.2082
stackoverflow_projection,0.1,0.29,2,48,2.55,77.78,4.93,68789,0.2082
stackoverflow_projection,0.1,0.3,2,48,2.55,77.78,4.93,68789,0.2082
stackoverflow_projection,0.1,0.31,2,48,2.55,77.78,4.93,68789,0.2082
stackoverflow_projection,0.1,0.32,2,48,2.55,77.78,4.93,68789,0.2082
stackoverflow_projection,0.1,0.33,2,48,2.55,77.78,4.93,68789,0.2082
stackoverflow_projection,0.1,0.34,2,48,2.55,77.78,4.93,68789,0.2082
stackoverflow_projection,0.1,0.35,2,48,2.55,77.78,4.93,68789,0.2082
stackoverflow_projection,0.1,0.36,2,48,2.55,77.78,4.93,68789,0.2082
stackoverflow_projection,0.1,0.37,2,48,2.55,77.78,4.93,68789,0.2082
stackoverflow_projection,0.1,0.38,2,48,2.55,77.78,4.93,68789,0.2082
stackoverflow_projection,0.1,0.39,2,48,2.55,77.78,4.93,68789,0.2082
stackoverflow_projection,0.1,0.4,2,48,2.55,77.78,4.93,68789,0.2082
stackoverflow_projection,0.1,0.41,1,49,1.45,80.0,2.86,67747,0.2051
stackoverflow_projection,0.1,0.42,1,49,1.45,80.0,2.86,67747,0.2051
stackoverflow_projection,0.1,0.43,1,49,1.45,80.0,2.86,67747,0.2051
stackoverflow_projection,0.1,0.44,1,49,1.45,80.0,2.86,67747,0.2051
stackoverflow_projection,0.1,0.45,1,49,1.45,80.0,2.86,67747,0.2051
stackoverflow_projection,0.1,0.46,1,49,1.45,80.0,2.86,67747,0.2051
stackoverflow_projection,0.1,0.47,1,49,1.45,80.0,2.86,67747,0.2051
stackoverflow_projection,0.1,0.48,1,49,1.45,80.0,2.86,67747,0.2051
stackoverflow_projection,0.1,0.49,1,49,1.45,80.0,2.86,67747,0.2051
stackoverflow_projection,0.1,0.5,1,49,1.45,80.0,2.86,67747,0.2051
stackoverflow_projection,0.1,0.51,1,49,1.45,80.0,2.86,67747,0.2051
stackoverflow_projection,0.1,0.52,1,49,1.45,80.0,2.86,67747,0.2051
stackoverflow_projection,0.1,0.53,1,49,1.45,80.0,2.86,67747,0.2051
stackoverflow_projection,0.1,0.54,1,49,1.45,80.0,2.86,67747,0.2051
stackoverflow_projection,0.1,0.55,1,49,1.45,80.0,2.86,67747,0.2051
stackoverflow_projection,0.1,0.56,1,49,1.45,80.0,2.86,67747,0.2051
stackoverflow_projection,0.1,0.57,1,49,1.45,80.0,2.86,67747,0.2051
stackoverflow_projection,0.1,0.58,1,49,1.45,80.0,2.86,67747,0.2051
stackoverflow_projection,0.1,0.59,1,49,1.45,80.0,2.86,67747,0.2051
stackoverflow_projection,0.1,0.6,1,49,1.45,80.0,2.86,67747,0.2051
stackoverflow_projection,0.1,0.61,1,49,1.45,80.0,2.86,67747,0.2051
stackoverflow_projection,0.1,0.62,1,49,1.45,80.0,2.86,67747,0.2051
stackoverflow_projection,0.1,0.63,1,49,1.45,80.0,2.86,67747,0.2051
stackoverflow_projection,0.1,0.64,1,49,1.45,80.0,2.86,67747,0.2051
stackoverflow_projection,0.1,0.65,1,49,1.45,80.0,2.86,67747,0.2051
stackoverflow_projection,0.1,0.66,1,49,1.45,80.0,2.86,67747,0.2051
stackoverflow_projection,0.1,0.67,1,49,1.45,80.0,2.86,67747,0.2051
stackoverflow_projection,0.1,0.68,1,49,1.45,80.0,2.86,67747,0.2051
stackoverflow_projection,0.1,0.69,1,49,1.45,80.0,2.86,67747,0.2051
stackoverflow_projection,0.1,0.7,1,49,1.45,80.0,2.86,67747,0.2051
stackoverflow_projection,0.1,0.71,1,49,1.45,80.0,2.86,67747,0.2051
stackoverflow_projection,0.1,0.72,1,49,1.45,80.0,2.86,67747,0.2051
stackoverflow_projection,0.1,0.73,1,49,1.45,80.0,2.86,67747,0.2051
stackoverflow_projection,0.1,0.74,1,49,1.45,80.0,2.86,67747,0.2051
stackoverflow_projection,0.1,0.75,1,49,1.45,80.0,2.86,67747,0.2051
stackoverflow_projection,0.1,0.76,1,49,1.45,80.0,2.86,67747,0.2051
stackoverflow_projection,0.1,0.77,1,49,1.45,80.0,2.86,67747,0.2051
stackoverflow_projection,0.1,0.78,1,49,1.45,80.0,2.86,67747,0.2051
stackoverflow_projection,0.1,0.79,1,49,1.45,80.0,2.86,67747,0.2051
stackoverflow_projection,0.1,0.8,1,49,1.45,80.0,2.86,67747,0.2051
stackoverflow_projection,0.1,0.81,0,50,0.0,0.0,0.0,66896,0.2025
stackoverflow_projection,0.1,0.82,0,50,0.0,0.0,0.0,66896,0.2025
stackoverflow_projection,0.1,0.83,0,50,0.0,0.0,0.0,66896,0.2025
stackoverflow_projection,0.1,0.84,0,50,0.0,0.0,0.0,66896,0.2025
stackoverflow_projection,0.1,0.85,0,50,0.0,0.0,0.0,66896,0.2025
stackoverflow_projection,0.1,0.86,0,50,0.0,0.0,0.0,66896,0.2025
stackoverflow_projection,0.1,0.87,0,50,0.0,0.0,0.0,66896,0.2025
stackoverflow_projection,0.1,0.88,0,50,0.0,0.0,0.0,66896,0.2025
stackoverflow_projection,0.1,0.89,0,50,0.0,0.0,0.0,66896,0.2025
stackoverflow_projection,0.1,0.9,0,50,0.0,0.0,0.0,66896,0.2025
stackoverflow_projection,0.1,0.91,0,50,0.0,0.0,0.0,66896,0.2025
stackoverflow_projection,0.1,0.92,0,50,0.0,0.0,0.0,66896,0.2025
stackoverflow_projection,0.1,0.93,0,50,0.0,0.0,0.0,66896,0.2025
stackoverflow_projection,0.1,0.94,0,50,0.0,0.0,0.0,66896,0.2025
stackoverflow_projection,0.1,0.95,0,50,0.0,0.0,0.0,66896,0.2025
stackoverflow_projection,0.1,0.96,0,50,0.0,0.0,0.0,66896,0.2025
stackoverflow_projection,0.1,0.97,0,50,0.0,0.0,0.0,66896,0.2025
stackoverflow_projection,0.1,0.98,0,50,0.0,0.0,0.0,66896,0.2025
stackoverflow_projection,0.1,0.99,0,50,0.0,0.0,0.0,66896,0.2025
stackoverflow_projection,0.1,1.0,0,50,0.0,0.0,0.0,66896,0.2025
